Workbook

Sheet Leads
A1: Business | B1: Type | C1: City / State | D1: Owner name | E1: Email | F1: Website | G1: Status | H1: Date emailed | I1: Follow-up 1 due | J1: Follow-up 2 due | K1: Notes
A2: Robins Plumbing | B2: Plumbing | C2: Phoenix, AZ | F2: robinsplumbing.com | G2: New | I2: =IF($H2="","",$H2+3) | J2: =IF($H2="","",$H2+8)
A3: Wyman Plumbing & Mechanical | B3: Plumbing | C3: Phoenix, AZ | F3: wyman-services.com | G3: New | I3: =IF($H3="","",$H3+3) | J3: =IF($H3="","",$H3+8)
A4: Apache Plumbing Services | B4: Plumbing | C4: Phoenix, AZ | F4: apacheplumbingservices.com | G4: New | I4: =IF($H4="","",$H4+3) | J4: =IF($H4="","",$H4+8)
A5: Independent Plumber | B5: Plumbing | C5: Cave Creek, AZ | F5: phoenix.plumbing | G5: New | I5: =IF($H5="","",$H5+3) | J5: =IF($H5="","",$H5+8)
A6: John C. Plumbing | B6: Plumbing | C6: Phoenix, AZ | F6: johncoplumbing.com | G6: New | I6: =IF($H6="","",$H6+3) | J6: =IF($H6="","",$H6+8)
A7: Phoenix Plumbing Co. | B7: Plumbing | C7: Phoenix, AZ | F7: phoenixplumbing.co | G7: New | I7: =IF($H7="","",$H7+3) | J7: =IF($H7="","",$H7+8)
A8: The Plumbing Company | B8: Plumbing | C8: Mesa, AZ | F8: tpcaz.net | G8: New | I8: =IF($H8="","",$H8+3) | J8: =IF($H8="","",$H8+8)
A9: Ideal Air | B9: HVAC | C9: Phoenix, AZ | F9: idealairaz.com | G9: New | I9: =IF($H9="","",$H9+3) | J9: =IF($H9="","",$H9+8)
A10: Arizona AC Experts | B10: HVAC | C10: Phoenix, AZ | F10: azacexperts.com | G10: New | I10: =IF($H10="","",$H10+3) | J10: =IF($H10="","",$H10+8)
A11: Preferred Air | B11: HVAC | C11: Phoenix, AZ | F11: preferredairaz.com | G11: New | I11: =IF($H11="","",$H11+3) | J11: =IF($H11="","",$H11+8)
A12: Howard Air | B12: HVAC | C12: Phoenix, AZ | F12: howardair.com | G12: New | I12: =IF($H12="","",$H12+3) | J12: =IF($H12="","",$H12+8)
A13: Collins Comfort Masters | B13: HVAC | C13: Phoenix, AZ | F13: collinscomfort.com | G13: New | I13: =IF($H13="","",$H13+3) | J13: =IF($H13="","",$H13+8)
G14: New | I14: =IF($H14="","",$H14+3) | J14: =IF($H14="","",$H14+8)
G15: New | I15: =IF($H15="","",$H15+3) | J15: =IF($H15="","",$H15+8)
G16: New | I16: =IF($H16="","",$H16+3) | J16: =IF($H16="","",$H16+8)
G17: New | I17: =IF($H17="","",$H17+3) | J17: =IF($H17="","",$H17+8)
G18: New | I18: =IF($H18="","",$H18+3) | J18: =IF($H18="","",$H18+8)
G19: New | I19: =IF($H19="","",$H19+3) | J19: =IF($H19="","",$H19+8)
G20: New | I20: =IF($H20="","",$H20+3) | J20: =IF($H20="","",$H20+8)
G21: New | I21: =IF($H21="","",$H21+3) | J21: =IF($H21="","",$H21+8)
G22: New | I22: =IF($H22="","",$H22+3) | J22: =IF($H22="","",$H22+8)
G23: New | I23: =IF($H23="","",$H23+3) | J23: =IF($H23="","",$H23+8)
G24: New | I24: =IF($H24="","",$H24+3) | J24: =IF($H24="","",$H24+8)
G25: New | I25: =IF($H25="","",$H25+3) | J25: =IF($H25="","",$H25+8)
... G400: New | I400: =IF($H400="","",$H400+3) | J400: =IF($H400="","",$H400+8)

Sheet Dashboard
B2: Outreach Dashboard
B3: Live counts from the Leads tab. Nothing to edit here.
B5: Leads in list | C5: =COUNTA(Leads!A2:A400) -> 12
B6: Emailed | C6: =COUNTA(Leads!H2:H400) -> 0
B7: Replies (incl. demos) | C7: =COUNTIF(Leads!G2:G400,"Replied")+COUNTIF(Leads!G2:G400,"Demo booked") -> 0
B8: Demos booked | C8: =COUNTIF(Leads!G2:G400,"Demo booked") -> 0
B9: Not interested | C9: =COUNTIF(Leads!G2:G400,"Not interested") -> 0
B10: Reply rate | C10: =IFERROR(C7/C6,0) -> 0
B12: Goal: cold email replies run ~1-5%. ~200 emails -> a handful of real conversations.

Sheet How to use
B2: How to use this tracker
B4: Daily routine (about 30 minutes):
B5: 1. Source ~20 shops into the Leads tab (see the Playbook for exactly how). Fill Business, Type, City, Website.
B6: 2. Open each site, grab the owner's name + email (Contact/About page), drop them in.
B7: 3. Send Email 1 (from the Playbook) to yesterday's batch. Put today's date in 'Date emailed' and set Status = Emailed.
B8: 4. The two follow-up dates fill in automatically. Sort by them to see who's due, and send the follow-ups.
B9: 5. When someone replies, set Status to Replied or Demo booked. Log anything useful in Notes.
B11: Which cells you edit:
B12: You fill in: Business, Type, City / State, Owner name, Email, Website, Status, Date emailed, Notes.
B13: Leave alone (they calculate themselves): Follow-up 1 due, Follow-up 2 due.
B15: Example row (this is just the format - your real leads start on the Leads tab):
B16: Business: Joe's Plumbing | Type: Plumbing | City: Austin, TX | Owner: Joe Rivera
... B21: The 12 shops already listed are real starter leads - verify each is a small owner-run shop and grab its email.

Sheet Target metros
B2: Target metros (high home-services demand)
B3: Work one metro at a time. Search 'plumber' or 'HVAC' in Google Maps for each.
B5: Metro | C5: State | D5: Worked? (y/n) | E5: Leads pulled | F5: Notes
B6: Phoenix | C6: AZ
B7: Tampa | C7: FL
B8: San Antonio | C8: TX
B9: Charlotte | C9: NC
B10: Las Vegas | C10: NV
B11: Orlando | C11: FL
B12: Dallas | C12: TX
B13: Atlanta | C13: GA
B14: Houston | C14: TX
B15: Jacksonville | C15: FL
B16: Nashville | C16: TN
B17: Sacramento | C17: CA
